qid,route_single,route_dual
0,hybrid,sparse
1,hybrid,hybrid
2,hybrid,hybrid
3,hybrid_verified,sparse
4,hybrid,hybrid
5,hybrid,hybrid
6,hybrid_verified,hybrid_verified
7,hybrid_verified,hybrid_verified
8,hybrid,hybrid
9,hybrid_verified,hybrid_verified
10,hybrid,hybrid
11,hybrid,hybrid
12,hybrid,hybrid
13,hybrid,sparse
14,hybrid,hybrid
15,hybrid_verified,hybrid_verified
16,hybrid,hybrid
17,hybrid,hybrid
18,hybrid_verified,sparse
19,hybrid_verified,hybrid_verified
20,sparse,hybrid_verified
21,sparse,hybrid_verified
22,hybrid,hybrid
23,hybrid_verified,hybrid_verified
24,hybrid_verified,hybrid_verified
25,hybrid,hybrid
26,hybrid_verified,hybrid_verified
27,hybrid,sparse
28,hybrid_verified,hybrid_verified
29,hybrid,hybrid
30,hybrid_verified,hybrid_verified
31,hybrid_verified,hybrid_verified
32,sparse,hybrid_verified
33,hybrid,hybrid
34,sparse,hybrid_verified
35,hybrid_verified,hybrid_verified
36,hybrid,hybrid
37,hybrid_verified,sparse
38,hybrid,hybrid
39,hybrid,hybrid
40,hybrid,hybrid
41,hybrid,hybrid
42,hybrid,sparse
43,hybrid_verified,hybrid_verified
44,sparse,sparse
45,hybrid,hybrid
46,hybrid_verified,hybrid_verified
47,hybrid_verified,hybrid_verified
48,hybrid_verified,hybrid_verified
49,hybrid,hybrid
50,hybrid,hybrid
51,hybrid,hybrid
52,hybrid,hybrid
53,hybrid_verified,hybrid_verified
54,hybrid_verified,hybrid_verified
55,hybrid,hybrid
56,hybrid_verified,hybrid_verified
57,hybrid_verified,hybrid_verified
58,hybrid,hybrid
60,hybrid,hybrid
61,hybrid_verified,hybrid_verified
62,hybrid_verified,hybrid_verified
63,hybrid,sparse
64,hybrid,hybrid
65,hybrid_verified,hybrid_verified
66,hybrid,hybrid
67,hybrid,hybrid
68,hybrid,hybrid
69,hybrid_verified,hybrid_verified
70,hybrid,hybrid
71,hybrid_verified,hybrid_verified
72,crisis_response,crisis_response
73,hybrid_verified,hybrid_verified
74,hybrid_verified,hybrid_verified
75,hybrid,hybrid
76,hybrid,sparse
77,hybrid,hybrid
78,hybrid,hybrid
79,hybrid,sparse
80,hybrid_verified,hybrid_verified
81,hybrid,hybrid
82,hybrid_verified,hybrid_verified
83,hybrid,sparse
84,hybrid,hybrid
85,hybrid_verified,hybrid_verified
86,hybrid,sparse
87,hybrid,hybrid
88,hybrid,hybrid
89,hybrid,sparse
90,hybrid_verified,hybrid_verified
91,hybrid,hybrid
92,hybrid,hybrid
93,hybrid,hybrid
94,hybrid,hybrid
95,hybrid,hybrid
96,hybrid_verified,hybrid_verified
97,hybrid_verified,hybrid_verified
98,hybrid_verified,hybrid_verified
99,sparse,hybrid_verified
100,hybrid,hybrid
101,hybrid_verified,hybrid_verified
102,hybrid,hybrid
103,hybrid,hybrid
104,hybrid,hybrid
105,hybrid,hybrid
106,hybrid_verified,hybrid_verified
107,hybrid,sparse
108,hybrid_verified,hybrid_verified
109,hybrid_verified,hybrid_verified
110,hybrid,sparse
111,hybrid_verified,hybrid_verified
112,hybrid,hybrid
113,hybrid,hybrid
114,hybrid_verified,hybrid_verified
115,hybrid_verified,hybrid_verified
116,hybrid,hybrid
117,hybrid_verified,hybrid_verified
118,hybrid,hybrid
119,hybrid,hybrid
120,hybrid_verified,hybrid_verified
121,hybrid,hybrid
122,hybrid,hybrid
123,hybrid,hybrid
124,hybrid,hybrid
125,hybrid,hybrid
126,hybrid_verified,hybrid_verified
127,hybrid,hybrid
128,hybrid_verified,hybrid_verified
129,hybrid_verified,hybrid_verified
130,hybrid,sparse
131,hybrid_verified,hybrid_verified
132,hybrid,hybrid
133,hybrid,sparse
134,hybrid_verified,sparse
135,sparse,hybrid_verified
136,hybrid_verified,hybrid_verified
137,hybrid_verified,hybrid_verified
138,hybrid,hybrid
139,sparse,hybrid_verified
140,hybrid,hybrid
141,hybrid_verified,hybrid_verified
142,hybrid,hybrid
143,hybrid_verified,hybrid_verified
144,hybrid,hybrid
145,hybrid,hybrid
146,hybrid,sparse
147,hybrid,hybrid
148,hybrid_verified,hybrid_verified
149,hybrid_verified,hybrid_verified
150,hybrid,sparse
151,hybrid,hybrid
152,hybrid,hybrid
153,sparse,hybrid_verified
154,hybrid,hybrid
155,hybrid,hybrid
156,hybrid,hybrid
157,hybrid,sparse
158,hybrid,sparse
159,hybrid,hybrid
160,hybrid,hybrid
161,hybrid,hybrid
162,hybrid,hybrid
163,hybrid,hybrid
164,hybrid_verified,hybrid_verified
165,sparse,hybrid_verified
166,hybrid,hybrid
167,hybrid,hybrid
168,hybrid,hybrid
169,hybrid,hybrid
170,hybrid,hybrid
171,sparse,sparse
172,hybrid_verified,hybrid_verified
173,hybrid,sparse
174,hybrid,sparse
175,hybrid,hybrid
176,hybrid_verified,hybrid_verified
177,hybrid,hybrid
178,hybrid_verified,hybrid_verified
179,hybrid,hybrid
180,hybrid,sparse
181,hybrid_verified,hybrid_verified
182,hybrid,hybrid
183,hybrid,hybrid
184,hybrid_verified,hybrid_verified
185,hybrid,hybrid
186,hybrid,hybrid
187,hybrid,hybrid
188,hybrid,sparse
189,hybrid_verified,hybrid_verified
190,hybrid,hybrid
191,hybrid,hybrid
192,hybrid,hybrid
193,hybrid,hybrid
194,hybrid,hybrid
195,hybrid_verified,hybrid_verified
196,hybrid,hybrid
197,hybrid,hybrid
198,hybrid_verified,sparse
199,hybrid,sparse
200,sparse,sparse
201,hybrid,sparse
202,hybrid,sparse
203,hybrid,hybrid
204,hybrid,sparse
205,hybrid_verified,hybrid_verified
206,sparse,hybrid_verified
207,hybrid,hybrid
208,hybrid,hybrid
209,hybrid_verified,hybrid_verified
210,hybrid_verified,hybrid_verified
211,hybrid,sparse
212,hybrid,hybrid
213,hybrid,hybrid
214,hybrid,hybrid
215,hybrid,hybrid
216,hybrid,hybrid
217,sparse,hybrid_verified
218,hybrid_verified,hybrid_verified
219,hybrid_verified,hybrid_verified
220,sparse,hybrid_verified
221,hybrid,hybrid
222,hybrid_verified,hybrid_verified
223,hybrid,hybrid
224,hybrid_verified,sparse
225,hybrid,sparse
226,hybrid_verified,hybrid_verified
227,hybrid_verified,hybrid_verified
228,hybrid_verified,hybrid_verified
229,hybrid,hybrid
230,hybrid,hybrid
231,hybrid_verified,hybrid_verified
232,hybrid,hybrid
233,hybrid_verified,hybrid_verified
234,hybrid,hybrid
235,hybrid,hybrid
236,hybrid_verified,hybrid_verified
237,hybrid,hybrid
238,hybrid_verified,hybrid_verified
239,hybrid,hybrid
240,hybrid_verified,hybrid_verified
241,hybrid_verified,hybrid_verified
242,hybrid,hybrid
243,sparse,hybrid_verified
244,hybrid_verified,hybrid_verified
245,hybrid,hybrid
246,sparse,hybrid_verified
247,hybrid_verified,hybrid_verified
248,hybrid,sparse
249,hybrid,hybrid
250,hybrid,hybrid
251,hybrid,hybrid
252,hybrid_verified,hybrid_verified
253,hybrid,hybrid
254,hybrid,hybrid
255,hybrid,hybrid
256,hybrid,hybrid
257,hybrid,hybrid
258,hybrid,sparse
259,hybrid_verified,hybrid_verified
260,hybrid,hybrid
261,hybrid,sparse
262,hybrid,sparse
263,hybrid,hybrid
264,hybrid,sparse
265,hybrid,hybrid
266,hybrid,sparse
267,hybrid,hybrid
268,hybrid,hybrid
269,hybrid,sparse
270,hybrid,hybrid
271,hybrid,hybrid
272,hybrid,hybrid
273,hybrid,hybrid
274,hybrid,hybrid
275,hybrid_verified,hybrid_verified
276,hybrid,sparse
277,crisis_response,crisis_response
278,hybrid,sparse
279,hybrid,hybrid
280,hybrid,hybrid
281,hybrid_verified,hybrid_verified
282,hybrid_verified,hybrid_verified
283,hybrid,hybrid
284,hybrid,sparse
285,hybrid_verified,hybrid_verified
286,hybrid,sparse
287,hybrid_verified,hybrid_verified
288,hybrid,hybrid
289,hybrid,hybrid
290,hybrid,sparse
291,hybrid,hybrid
292,hybrid,hybrid
293,hybrid,hybrid
294,hybrid,hybrid
295,hybrid,hybrid
296,hybrid,hybrid
297,hybrid,sparse
298,hybrid,hybrid
299,hybrid,sparse
300,hybrid,hybrid
301,hybrid_verified,hybrid_verified
302,hybrid_verified,hybrid_verified
303,hybrid,hybrid
304,hybrid_verified,hybrid_verified
305,hybrid,hybrid
306,hybrid,hybrid
307,hybrid,hybrid
308,hybrid_verified,hybrid_verified
309,hybrid,hybrid
310,hybrid,hybrid
311,hybrid,hybrid
312,hybrid_verified,hybrid_verified
313,hybrid,hybrid
314,sparse,hybrid_verified
315,sparse,hybrid_verified
316,hybrid,hybrid
317,hybrid,hybrid
318,sparse,hybrid_verified
319,hybrid_verified,hybrid_verified
320,hybrid,hybrid
321,hybrid_verified,hybrid_verified
322,hybrid,sparse
323,hybrid,hybrid
324,hybrid_verified,hybrid_verified
325,hybrid_verified,hybrid_verified
326,hybrid_verified,hybrid_verified
327,hybrid,hybrid
328,sparse,hybrid_verified
330,hybrid,hybrid
331,hybrid,sparse
332,hybrid_verified,hybrid_verified
333,hybrid_verified,hybrid_verified
334,hybrid,hybrid
335,sparse,hybrid_verified
336,hybrid,hybrid
337,hybrid_verified,hybrid_verified
338,hybrid_verified,hybrid_verified
339,hybrid_verified,hybrid_verified
340,crisis_response,crisis_response
341,hybrid_verified,hybrid_verified
342,hybrid,sparse
343,hybrid,hybrid
344,hybrid,hybrid
345,hybrid,hybrid
346,hybrid_verified,hybrid_verified
347,hybrid,hybrid
348,hybrid_verified,hybrid_verified
349,hybrid,sparse
350,sparse,hybrid_verified
351,hybrid_verified,hybrid_verified
352,hybrid,hybrid
353,hybrid_verified,hybrid_verified
354,hybrid,hybrid
355,hybrid,sparse
356,hybrid,hybrid
357,hybrid,hybrid
358,hybrid,sparse
359,hybrid,hybrid
360,hybrid,hybrid
361,hybrid,hybrid
362,hybrid,hybrid
363,hybrid,sparse
364,hybrid,hybrid
365,hybrid,hybrid
366,hybrid,hybrid
367,hybrid,hybrid
368,hybrid_verified,hybrid_verified
369,hybrid,hybrid
370,hybrid,hybrid
371,hybrid,hybrid
372,hybrid,hybrid
373,hybrid,sparse
374,hybrid_verified,hybrid_verified
375,sparse,hybrid_verified
376,hybrid_verified,hybrid_verified
377,hybrid_verified,hybrid_verified
378,hybrid,hybrid
379,hybrid_verified,hybrid_verified
380,hybrid_verified,hybrid_verified
381,hybrid,hybrid
382,hybrid_verified,hybrid_verified
383,hybrid,hybrid
384,hybrid,hybrid
385,hybrid,hybrid
386,hybrid,hybrid
387,hybrid_verified,hybrid_verified
388,hybrid,hybrid
389,hybrid_verified,hybrid_verified
390,hybrid_verified,hybrid_verified
391,hybrid,hybrid
392,hybrid,hybrid
393,hybrid_verified,hybrid_verified
394,hybrid,hybrid
395,hybrid,hybrid
396,hybrid,hybrid
397,sparse,hybrid_verified
398,hybrid,hybrid
399,hybrid,hybrid
400,hybrid,sparse
401,hybrid,sparse
402,hybrid,hybrid
403,hybrid,hybrid
404,hybrid_verified,hybrid_verified
405,hybrid,hybrid
406,hybrid_verified,hybrid_verified
407,sparse,hybrid_verified
408,hybrid_verified,hybrid_verified
409,hybrid,hybrid
410,hybrid,hybrid
411,sparse,hybrid_verified
412,hybrid,hybrid
413,hybrid,hybrid
414,hybrid,sparse
415,hybrid,sparse
416,hybrid,hybrid
417,hybrid,hybrid
418,sparse,sparse
419,hybrid,sparse
420,hybrid,hybrid
421,hybrid,hybrid
422,hybrid,hybrid
423,hybrid_verified,hybrid_verified
424,hybrid,hybrid
425,hybrid_verified,hybrid_verified
426,hybrid_verified,hybrid_verified
427,hybrid_verified,hybrid_verified
428,hybrid_verified,hybrid_verified
429,sparse,hybrid_verified
430,sparse,hybrid_verified
431,hybrid_verified,hybrid_verified
432,hybrid,hybrid
433,hybrid,hybrid
434,hybrid,hybrid
435,hybrid,hybrid
436,hybrid,sparse
437,hybrid,hybrid
438,hybrid_verified,hybrid_verified
439,hybrid_verified,hybrid_verified
440,hybrid,sparse
441,hybrid_verified,hybrid_verified
442,hybrid_verified,hybrid_verified
443,hybrid,hybrid
444,hybrid,hybrid
445,hybrid,sparse
446,hybrid_verified,hybrid_verified
447,hybrid,hybrid
448,hybrid_verified,hybrid_verified
449,hybrid,hybrid
450,hybrid_verified,hybrid_verified
451,hybrid,sparse
452,hybrid,hybrid
453,sparse,hybrid_verified
454,hybrid,sparse
455,hybrid_verified,hybrid_verified
456,hybrid,sparse
457,hybrid,hybrid
458,hybrid,hybrid
459,hybrid,hybrid
460,hybrid_verified,hybrid_verified
461,hybrid_verified,hybrid_verified
462,hybrid,sparse
463,hybrid,hybrid
464,hybrid_verified,hybrid_verified
465,hybrid,hybrid
466,hybrid_verified,hybrid_verified
467,hybrid,hybrid
468,sparse,hybrid_verified
469,hybrid,sparse
470,sparse,hybrid_verified
471,hybrid_verified,hybrid_verified
472,hybrid,hybrid
473,hybrid_verified,hybrid_verified
474,hybrid,hybrid
475,hybrid_verified,hybrid_verified
476,hybrid_verified,hybrid_verified
477,hybrid_verified,hybrid_verified
478,hybrid_verified,hybrid_verified
479,hybrid_verified,hybrid_verified
480,hybrid_verified,hybrid_verified
481,hybrid,hybrid
482,hybrid_verified,hybrid_verified
483,hybrid_verified,hybrid_verified
484,hybrid,hybrid
485,hybrid,hybrid
486,hybrid,hybrid
487,hybrid,sparse
488,hybrid,hybrid
489,hybrid_verified,hybrid_verified
490,hybrid,hybrid
491,hybrid,hybrid
492,hybrid,hybrid
493,hybrid,hybrid
494,hybrid_verified,hybrid_verified
495,hybrid,hybrid
496,hybrid_verified,hybrid_verified
497,hybrid,hybrid
498,sparse,hybrid_verified
499,hybrid,hybrid
500,hybrid_verified,hybrid_verified
501,hybrid_verified,hybrid_verified
502,hybrid,hybrid
503,hybrid_verified,hybrid_verified
504,hybrid_verified,hybrid_verified
505,hybrid_verified,hybrid_verified
506,hybrid,sparse
507,hybrid_verified,hybrid_verified
508,hybrid_verified,hybrid_verified
509,hybrid,sparse
510,hybrid_verified,sparse
511,hybrid_verified,hybrid_verified
512,hybrid_verified,hybrid_verified
513,hybrid,hybrid
514,hybrid_verified,hybrid_verified
515,hybrid_verified,hybrid_verified
516,hybrid,hybrid
517,hybrid,hybrid
518,hybrid_verified,hybrid_verified
519,hybrid,sparse
520,hybrid,hybrid
521,hybrid,hybrid
522,hybrid_verified,sparse
523,hybrid_verified,hybrid_verified
524,hybrid,hybrid
525,hybrid,hybrid
526,sparse,sparse
527,hybrid_verified,hybrid_verified
528,hybrid_verified,hybrid_verified
529,hybrid_verified,hybrid_verified
530,hybrid_verified,hybrid_verified
531,hybrid_verified,hybrid_verified
532,hybrid_verified,hybrid_verified
533,hybrid_verified,hybrid_verified
534,hybrid,sparse
535,hybrid_verified,hybrid_verified
536,sparse,hybrid_verified
537,hybrid_verified,hybrid_verified
538,hybrid_verified,hybrid_verified
539,hybrid,hybrid
540,hybrid_verified,hybrid_verified
541,hybrid,sparse
542,hybrid,hybrid
543,hybrid,hybrid
544,hybrid_verified,hybrid_verified
545,hybrid,hybrid
546,hybrid_verified,hybrid_verified
547,hybrid,hybrid
548,hybrid,hybrid
549,hybrid,hybrid
550,hybrid,sparse
551,hybrid,hybrid
552,hybrid,hybrid
553,hybrid_verified,hybrid_verified
554,hybrid_verified,hybrid_verified
555,hybrid_verified,hybrid_verified
556,hybrid,hybrid
557,hybrid,hybrid
558,hybrid,hybrid
559,hybrid,hybrid
560,hybrid,hybrid
561,hybrid_verified,hybrid_verified
562,hybrid,hybrid
563,hybrid,hybrid
564,hybrid,hybrid
565,hybrid_verified,hybrid_verified
566,hybrid,hybrid
567,hybrid,hybrid
568,hybrid,hybrid
569,hybrid_verified,hybrid_verified
570,hybrid_verified,hybrid_verified
571,sparse,hybrid_verified
572,sparse,hybrid_verified
573,hybrid,hybrid
574,hybrid,sparse
575,hybrid,hybrid
576,hybrid,hybrid
577,sparse,hybrid_verified
578,sparse,hybrid_verified
579,hybrid_verified,hybrid_verified
580,hybrid,sparse
581,hybrid,hybrid
582,hybrid_verified,hybrid_verified
583,hybrid_verified,hybrid_verified
584,hybrid,hybrid
585,hybrid_verified,hybrid_verified
586,hybrid_verified,hybrid_verified
587,hybrid,hybrid
588,hybrid,hybrid
589,hybrid,hybrid
590,hybrid,hybrid
591,hybrid,hybrid
592,hybrid,hybrid
593,hybrid_verified,hybrid_verified
594,hybrid,hybrid
595,hybrid,hybrid
596,hybrid_verified,hybrid_verified
597,hybrid_verified,hybrid_verified
598,hybrid,hybrid
599,hybrid,hybrid
600,hybrid,hybrid
601,hybrid,hybrid
603,hybrid,hybrid
604,hybrid,hybrid
605,hybrid,hybrid
606,hybrid,hybrid
607,hybrid_verified,hybrid_verified
608,hybrid,sparse
609,hybrid,hybrid
610,hybrid_verified,hybrid_verified
611,hybrid,hybrid
612,sparse,hybrid_verified
613,hybrid,hybrid
614,hybrid,hybrid
615,hybrid,sparse
616,hybrid,sparse
617,hybrid,sparse
618,hybrid,sparse
619,hybrid,hybrid
620,hybrid_verified,hybrid_verified
621,hybrid,sparse
622,hybrid_verified,hybrid_verified
623,hybrid,hybrid
624,hybrid,sparse
625,hybrid,hybrid
626,hybrid,hybrid
627,hybrid,hybrid
628,hybrid,hybrid
629,hybrid_verified,hybrid_verified
630,hybrid,hybrid
631,hybrid,hybrid
632,hybrid_verified,hybrid_verified
633,hybrid_verified,hybrid_verified
634,hybrid,sparse
635,hybrid,sparse
636,sparse,sparse
637,hybrid,hybrid
638,hybrid,hybrid
639,hybrid,hybrid
640,hybrid,hybrid
641,hybrid_verified,hybrid_verified
642,hybrid_verified,hybrid_verified
643,hybrid,hybrid
644,hybrid_verified,hybrid_verified
645,hybrid,hybrid
646,hybrid,hybrid
647,hybrid,hybrid
648,hybrid,hybrid
649,hybrid,hybrid
650,hybrid_verified,hybrid_verified
651,hybrid_verified,hybrid_verified
652,hybrid_verified,hybrid_verified
653,hybrid_verified,hybrid_verified
654,hybrid_verified,hybrid_verified
655,hybrid_verified,hybrid_verified
656,hybrid,hybrid
657,hybrid_verified,hybrid_verified
658,hybrid,hybrid
659,sparse,hybrid_verified
660,hybrid_verified,hybrid_verified
661,hybrid_verified,hybrid_verified
662,hybrid_verified,hybrid_verified
663,hybrid,hybrid
664,hybrid,hybrid
665,sparse,hybrid_verified
666,hybrid,hybrid
667,hybrid,hybrid
668,hybrid,sparse
669,hybrid,sparse
670,hybrid,hybrid
671,hybrid,hybrid
672,hybrid_verified,hybrid_verified
673,hybrid,hybrid
674,hybrid,hybrid
675,hybrid,hybrid
676,hybrid,hybrid
677,hybrid,sparse
678,hybrid,sparse
679,hybrid,hybrid
680,hybrid,hybrid
681,hybrid,hybrid
682,hybrid_verified,hybrid_verified
683,hybrid_verified,hybrid_verified
684,hybrid,hybrid
685,hybrid,hybrid
686,hybrid,hybrid
687,hybrid,sparse
688,hybrid,hybrid
689,hybrid,hybrid
690,sparse,hybrid_verified
691,hybrid_verified,hybrid_verified
692,sparse,hybrid_verified
693,hybrid,hybrid
694,sparse,sparse
695,hybrid,hybrid
696,hybrid,hybrid
697,sparse,hybrid_verified
698,hybrid_verified,hybrid_verified
699,hybrid_verified,hybrid_verified
700,hybrid_verified,hybrid_verified
701,hybrid,hybrid
702,hybrid,hybrid
703,hybrid,sparse
704,hybrid_verified,hybrid_verified
705,hybrid,hybrid
706,sparse,hybrid_verified
707,hybrid,sparse
708,hybrid,hybrid
709,hybrid_verified,hybrid_verified
710,hybrid,hybrid
711,hybrid_verified,hybrid_verified
712,hybrid,sparse
713,hybrid,sparse
714,hybrid,hybrid
715,hybrid,hybrid
716,hybrid,hybrid
717,hybrid,hybrid
718,hybrid,hybrid
719,hybrid_verified,hybrid_verified
720,hybrid,hybrid
721,hybrid,hybrid
722,hybrid,hybrid
723,hybrid,sparse
724,hybrid,hybrid
725,hybrid,sparse
726,hybrid_verified,hybrid_verified
727,hybrid,hybrid
728,hybrid,hybrid
729,hybrid,sparse
730,hybrid_verified,hybrid_verified
731,hybrid_verified,hybrid_verified
732,hybrid_verified,hybrid_verified
733,hybrid_verified,hybrid_verified
734,hybrid,hybrid
735,hybrid,hybrid
736,hybrid_verified,hybrid_verified
737,sparse,hybrid_verified
738,hybrid,hybrid
739,hybrid,hybrid
740,hybrid_verified,hybrid_verified
741,hybrid,sparse
742,hybrid,hybrid
743,hybrid_verified,hybrid_verified
744,hybrid_verified,hybrid_verified
745,hybrid_verified,hybrid_verified
746,hybrid_verified,hybrid_verified
747,hybrid,hybrid
748,hybrid_verified,hybrid_verified
749,hybrid_verified,hybrid_verified
750,hybrid_verified,hybrid_verified
751,hybrid,hybrid
752,hybrid_verified,hybrid_verified
753,hybrid_verified,hybrid_verified
754,sparse,hybrid_verified
755,hybrid_verified,hybrid_verified
756,hybrid_verified,hybrid_verified
757,sparse,hybrid_verified
758,hybrid_verified,hybrid_verified
759,hybrid_verified,hybrid_verified
760,hybrid,hybrid
761,hybrid,hybrid
762,hybrid,sparse
763,hybrid_verified,hybrid_verified
764,hybrid,hybrid
765,sparse,hybrid_verified
766,hybrid,hybrid
767,hybrid,hybrid
768,hybrid_verified,sparse
769,hybrid,hybrid
770,hybrid,sparse
771,hybrid,hybrid
772,hybrid_verified,hybrid_verified
773,hybrid,sparse
774,hybrid_verified,hybrid_verified
775,hybrid,hybrid
776,hybrid,sparse
777,hybrid,sparse
778,hybrid,hybrid
779,hybrid,hybrid
780,hybrid_verified,hybrid_verified
781,hybrid,hybrid
782,hybrid_verified,hybrid_verified
783,hybrid_verified,hybrid_verified
784,hybrid,hybrid
785,hybrid_verified,hybrid_verified
786,hybrid,hybrid
787,hybrid,hybrid
788,sparse,hybrid_verified
789,hybrid,hybrid
790,hybrid_verified,hybrid_verified
791,hybrid,sparse
792,hybrid,hybrid
793,hybrid_verified,hybrid_verified
794,sparse,hybrid_verified
795,hybrid,hybrid
796,hybrid_verified,hybrid_verified
797,hybrid_verified,hybrid_verified
798,hybrid,hybrid
799,hybrid_verified,hybrid_verified
800,hybrid,hybrid
801,hybrid_verified,hybrid_verified
802,hybrid_verified,hybrid_verified
803,hybrid_verified,hybrid_verified
804,hybrid_verified,hybrid_verified
805,hybrid,hybrid
806,hybrid,hybrid
807,hybrid_verified,hybrid_verified
808,hybrid_verified,hybrid_verified
809,hybrid_verified,hybrid_verified
810,sparse,hybrid_verified
811,hybrid,sparse
812,hybrid_verified,hybrid_verified
813,hybrid,sparse
814,hybrid_verified,hybrid_verified
815,hybrid_verified,hybrid_verified
816,hybrid,hybrid
817,hybrid_verified,hybrid_verified
818,hybrid,hybrid
819,hybrid,hybrid
820,hybrid,hybrid
821,hybrid,hybrid
822,hybrid,hybrid
823,hybrid,hybrid
824,hybrid,hybrid
825,hybrid,sparse
826,hybrid,sparse
827,hybrid,hybrid
828,hybrid,hybrid
829,hybrid,hybrid
830,hybrid_verified,hybrid_verified
831,hybrid,hybrid
832,hybrid_verified,hybrid_verified
833,hybrid,hybrid
834,hybrid_verified,hybrid_verified
835,hybrid,sparse
836,hybrid_verified,hybrid_verified
837,hybrid,hybrid
838,hybrid_verified,hybrid_verified
839,hybrid_verified,hybrid_verified
840,hybrid_verified,hybrid_verified
841,hybrid_verified,hybrid_verified
842,hybrid_verified,hybrid_verified
843,hybrid,hybrid
844,hybrid,hybrid
845,hybrid,hybrid
846,hybrid,hybrid
847,hybrid,hybrid
848,hybrid_verified,hybrid_verified
849,hybrid,hybrid
850,hybrid,sparse
851,hybrid,hybrid
852,hybrid,hybrid
853,hybrid,sparse
854,hybrid,hybrid
855,hybrid,hybrid
856,hybrid,hybrid
857,hybrid_verified,hybrid_verified
858,hybrid,hybrid
859,hybrid_verified,hybrid_verified
860,hybrid_verified,hybrid_verified
861,sparse,hybrid_verified
862,hybrid,hybrid
863,hybrid,hybrid
864,hybrid,hybrid
865,hybrid,hybrid
866,hybrid,sparse
867,hybrid_verified,hybrid_verified
868,hybrid_verified,hybrid_verified
869,hybrid,hybrid
870,hybrid,hybrid
871,hybrid,hybrid
872,hybrid,hybrid
873,hybrid_verified,hybrid_verified
874,hybrid,hybrid
875,sparse,hybrid_verified
876,hybrid,hybrid
877,hybrid,hybrid
878,hybrid,hybrid
879,hybrid,hybrid
880,hybrid,hybrid
881,hybrid,hybrid
882,hybrid,hybrid
883,hybrid,hybrid
884,hybrid_verified,hybrid_verified
885,hybrid,hybrid
886,hybrid_verified,hybrid_verified
887,hybrid,hybrid
888,hybrid,sparse
889,hybrid,hybrid
890,hybrid,hybrid
891,hybrid_verified,hybrid_verified
892,hybrid,sparse
893,hybrid,sparse
894,hybrid,hybrid
895,hybrid,sparse
896,hybrid,hybrid
897,hybrid,hybrid
898,hybrid,hybrid
899,hybrid,hybrid
900,hybrid_verified,hybrid_verified
901,hybrid_verified,hybrid_verified
902,hybrid,hybrid
903,hybrid_verified,hybrid_verified
904,hybrid_verified,hybrid_verified
905,hybrid,sparse
906,hybrid_verified,hybrid_verified
907,hybrid,sparse
908,hybrid,hybrid
909,sparse,hybrid_verified
910,sparse,hybrid_verified
911,hybrid,hybrid
912,hybrid,hybrid
913,hybrid,sparse
914,hybrid,hybrid
915,hybrid_verified,hybrid_verified
916,sparse,hybrid_verified
917,hybrid,hybrid
918,hybrid_verified,hybrid_verified
919,hybrid,hybrid
920,hybrid,sparse
921,hybrid,hybrid
922,hybrid,hybrid
923,hybrid,hybrid
924,hybrid,sparse
925,hybrid,sparse
926,hybrid,hybrid
927,hybrid,sparse
928,hybrid,hybrid
929,hybrid,hybrid
930,sparse,hybrid_verified
931,hybrid,hybrid
932,hybrid,sparse
933,hybrid,hybrid
934,hybrid,sparse
935,hybrid,hybrid
936,hybrid,hybrid
937,hybrid_verified,sparse
938,sparse,hybrid_verified
939,hybrid,hybrid
